"group_id","id","name","members"
1331888,8454408,"Adrian Paschke",725
1725963,13332891,"Michael Hörz",322
1909241,26563592,"Keith Corwin",3751
1954181,136017342,"Neo4j",1007
2243181,89626182,"Paulus",904
2303271,8911679,"Jerome Mouton",3835
2651872,16997571,"Piyush Purang",1328
2720992,16431941,"Ulrike Anders",1971
3131812,14409541,"Gabriel Matuschka",8355
3256862,36739892,"Shawn",2109
3357042,28894082,"Freerich Bäthge",876
3373842,28833012,"Ivo Betke",1152
3380532,39933862,"Patrick Wright",232
3533252,40677162,"Jonathan Karp",497
3612682,47839632,"MongoDB",695
3775992,46433942,"Adam Drake",720
3783102,44284122,"Stefan Adolf",890
3857492,14251583,"Jens Bräuer",2346
3975282,156500742,"FilliDeFilla",693
4026852,29712182,"Hacks/Hackers",2091
4293362,91236262,"Rachel Elizabeth",9173
4446562,61019432,"George Papa",1817
4557902,204135137,"Salesforce Developers",411
5449282,17589071,"Felix Gilcher",767
5700582,72223432,"Veit Schiele",3701
5999622,94237232,"Levin Keller",1732
6003702,70295272,"Markus Dölle",1027
6618272,219847815,"Peter Breuer",779
6785822,49563512,"Alexander Weiß",2079
6817752,75774952,"Lars Giere",1833
6832272,62832662,"BeMyApp",369
6889962,17589071,"Felix Gilcher",40
6935492,14607704,"Christoph",236
6936312,17589071,"Felix Gilcher",85
6974432,10271306,"Matthew Beale",432
7074642,75779802,"Edmund Haselwanter",191
7139982,95402442,"DataStax",473
7196352,202992510,"Meteor Community Meetups",956
7427012,76688732,"Michael Schütz",512
7471402,113573702,"Sven Michels",241
7535442,72989872,"Johnny",226
7591502,81601662,"Torsten Weber",1322
7617832,19931271,"Timon Fiddike",145
7775182,92322212,"Holger Hammel",2977
7806612,31775382,"Kristina Schneider",2024
7876962,53480532,"Tobias Wehrum",1525
7892112,187249067,"Jasper Heyden",169
7916952,204182299,"Daniel Heltzel",367
7917912,184100068,"Sarah Briddon",1754
7985862,89316562,"Anne Kjær Riechert",1809
8057302,61019432,"George Papa",441
8213632,49447362,"Martin",1567
8622522,89065732,"Heiko Bartlog",746
8623152,94977862,"Mei Li ",857
8659162,58693852,"Denise Philipp",794
8679042,64470142,"Jose Aracil",453
8697102,46577622,"Stephan Jaekel",990
8795312,91746432,"Philip Hausmeier",2673
8861012,115897142,"Thomas",34
8998602,207038394,"Tanja Toyka",162
9015592,45721112,"Knut Nesheim",131
9084832,85324642,"Jonas",2350
9128782,99914052,"get IT together",361
9199792,29440972,"Hugo Duksis",897
9247752,63113172,"Heike Roettgers",926
9278262,147306982,"Anja Unterberger-Schneck",901
9281592,71714832,"Stefan Haas",1266
9394492,45270812,"Sebastian Theophil",1365
9469782,193196164,"Stephan B",287
9496492,35336252,"Arthur Schmunk",2450
9834142,117181462,"Markus Schaal",162
9845752,97711142,"Simon Cubasch",571
9889322,86190252,"Jenn Strater",141
9972472,14647887,"Olaf Lewitz",907
10057872,72977122,"Majdi Omari",55
10192592,62703692,"Elky Mart",235
10232162,124279922,"Martin ",1667
10301442,143273522,"Puppet",405
10547292,93622142,"Kilian Thiel",332
10644212,115155632,"Henriette Ritter",135
10644322,115155632,"Henriette Ritter",87
10698372,115697032,"Ville Ingman",291
10724922,115155632,"Henriette Ritter",116
10798002,13074320,"Brian Fabian Crain",3888
10915592,142755952,"Krisjanis Rijnieks",496
10925492,100732062,"Aaron Koenig",1115
11077912,37709632,"Andreas Lubbe",2609
11094792,114766932,"Moby Dock",2476
11215692,65945532,"Frank Lämmer",419
11324782,14386836,"Martin Alfke",193
11412102,72560962,"WordPress",1205
11412182,72560962,"WordPress",104
11469892,190950863,"commercetools",260
11482552,127246142,"Michael Daum",51
11802142,126547072,"Philipp Hentschel",610
11846642,105557162,"Martin Klose",3381
11878912,109724802,"Linda Schuster",915
11927052,127099552,"Robert Sander",462
12106012,203994081,"Kamilka ",1896
12184432,61104822,"Eliot Arntz",49
12297842,28833012,"Ivo Betke",438
12426342,23065971,"Trent McConaghy",5634
12763152,132067032,"Oliver Rupnow",900
12863292,11656247,"Nina Breznik",1520
12889752,74886762,"Luis Borges Quina",89
12926342,151639,"Brian Yeung",2371
13108712,135325322,"PyData/NumFOCUS",3294
13112352,80759952,"Michael Kohler",996
13186912,6390732,"David Owens",93
13329122,121649952,"dmitri katz",341
13503712,12999133,"Michael Palotas",569
13584112,11821322,"Ziya Aktas",565
13641152,139842462,"Shaharris X",220
13666062,51796622,"Karl Schaeffler",1495
13901712,41697112,"Oliver Wehrens",800
13944612,47675412,"Oliver Greschke",479
13958902,102282972,"Yves Hilpisch",463
14150432,69180152,"David",93
14189922,201661422,"Philipe Admin",157
14226222,204182299,"Daniel Heltzel",3839
14360822,22430781,"Alex Shirazi",2688
14412932,72811162,"stetrabby",29
14431022,143964372,"Nextcloud",276
14460772,93599762,"Nancy Berlin",2944
14485812,97867462,"Luis Höfer",919
14529062,194228654,"CocoaHeads Berlin Team",1009
14539582,147306982,"Anja Unterberger-Schneck",86
14563792,120842142,"Simon Munch-Andersen",580
14607762,45065632,"Holger Ahrens",101
14613232,44960572,"Igor",470
14614452,147897432,"Jan Kutschera",408
14835622,216655343,"Kaiser",348
14908042,86173762,"Jens Ravens",1179
15018442,195323736,"Claus Matzinger",242
15044082,74599772,"Robin Böning",35
15161382,183892233,"Steve Jones",785
15171222,47767132,"Florian Gilcher",246
15193112,82823292,"Bernhard",64
15200502,182540881,"Couchbase",55
15204232,116301362,"Bodo Eichstädt",889
15549592,146443722,"Dan Gray",5251
15583402,96396382,"Martin Jordan",2106
15810942,157047502,"Christian Seel",127
15949212,120552682,"Gerrit Gruben",834
16048342,72223432,"Veit Schiele",93
16119132,133943492,"Matthias Klatt",855
16243222,210380781,"Global Data Geeks",761
16322862,161024082,"Markus",162
16384212,197638672,"Ethereum",2437
16673122,10818078,"Lutz Villalba-Adorno",943
16726632,162693022,"GameDuell",317
16768422,166122802,"bitcrowd GmbH",133
16788542,160015082,"Mark",116
16819322,166930002,"Mauricio Disilvestro",753
16952962,106147162,"Neven",1236
17066872,190296324,"Yara Greuter",1111
17112732,14484519,"Hila Chezy",643
17192832,156513352,"Frank",57
17293262,12991783,"Kit",1045
17330692,81579022,"Ulrich Machold",101
17516102,38809342,"WebVisions",193
17528802,101290752,"Kenan Sulayman",230
17554502,177094762,"InfluxDB",148
17659452,32669272,"Philipp Maximilian Richter",378
17670252,137486432,"Johann Hofmann",867
17718042,174112122,"Oliver Stadie",618
18029372,30045432,"cketti",1451
18059152,99598902,"Conrad Pöpke",2343
18063732,8754039,"Till Plumbaum",161
18111752,39061072,"Radek Orszewski",568
18115892,72223432,"Veit Schiele",110
18178153,182467996,"LayerJS",266
18189562,170761172,"Karsten",211
18197737,182657958,"Chris",160
18204901,8520115,"Hong",742
18208016,173498322,"Claudia Krell",110
18211071,182693951,"AnnaKNonE",384
18219084,185157211,"Rita",107
18221119,126907712,"Felix",167
18227086,182695932,"Code for Germany",1029
18229414,162693022,"GameDuell",24
18232505,182809442,"Igor Stefurak",334
18246765,190950863,"commercetools",235
18258647,51975892,"Uli Strötz",464
18268877,105591092,"Petya",4392
18270634,182542773,"Daniel Münch",197
18274585,182869854,"Ansi-bull",473
18299780,185206812,"Berry Boessenkool",1488
18306135,48073702,"Ioana Buliga",801
18307265,158524002,"Raul Truckenbrodt",975
18316426,183447571,"Boris Friedrich Milkowski",2555
18317967,165540832,"Richy Ugwu",264
18339063,57764772,"Chris Kühl",841
18373067,15268761,"Marcel Ackermann",764
18384606,242498552,"ServiceLabs Design",1281
18389814,78863862,"Sören Blom",271
18391582,141735282,"Ben",126
18398802,184046536,"Markus Müller-Trabucchi",50
18407590,36441412,"Joerg M.",1571
18410344,190926739,"GoEuro",535
18417809,176680962,"Jens Hemme",88
18423630,193051493,"Ingo Levin",188
18429821,12223874,"Rok Garbas",217
18439542,190544085,"Michael Metzger",529
18443455,129685612,"Lucy",971
18448176,157819462,"Eric Meyer",149
18452454,97867462,"Luis Höfer",274
18463239,121659232,"Chris Palmer",717
18465267,166122802,"bitcrowd GmbH",2278
18467218,97131182,"Marco Szeidenleder",2445
18472332,36355102,"Tobias Kräntzer",111
18481943,71714832,"Stefan Haas",1637
18496246,181636852,"Oleksii Kliukin",780
18510988,94244002,"Alma",3323
18516221,89065732,"Heiko Bartlog",424
18518242,12537642,"Jan Monschke",630
18525870,108707942,"Niels Przybilla",216
18541394,126108612,"Julia Kleeberger",185
18547227,34789192,"Monica Zaldivar",2834
18550577,84430492,"Stas Vaisman",1197
18562153,130289852,"LajosLange",771
18569055,198090921,"Annika IXDS",1642
18575647,184544513,"Zalando Tech Events",6712
18576134,129339582,"Women Who Code",2812
18585642,91298452,"Amin Torabi",325
18609486,6014275,"Katie",120
18615026,187563900,"droidcon",131
18625813,80811202,"Maja Benke",103
18629325,68343932,"David Schmidt",287
18631232,101637292,"simonstaib",425
18641856,115053032,"Michael Geyder",502
18643530,160265252,"Greg Greenberger",3956
18648289,161873082,"Frederik Maucksch",152
18648904,150388672,"leomarose",196
18661511,183927661,"Ilya Khanataev",46
18664958,187618186,"Malte Lücken",255
18670289,8624844,"Ethan Miller",49
18688305,242485308,"Bodo Eichstädt",86
18690223,65146052,"Patrik Winkler",206
18695601,19822571,"Benjamin Kampmann",211
18697926,94237232,"Levin Keller",289
18700210,189028923,"SPEKTRUM | art science community",2184
18706195,44407932,"Julien Colomb",659
18707845,186315915,"Elizabeth Kinsey",788
18709511,86237342,"Agnieszka Maria Walorska",147
18714883,127070382,"Lars Poignant",76
18724966,57764772,"Chris Kühl",349
18730078,78801822,"Yali Sassoon",619
18754478,82298762,"Markus Hippeli",346
18767488,127984782,"Moritz Klack",325
18775129,10758053,"Benjamin Dageroth",203
18775984,95368262,"Janna Lipenkova",1115
18796522,196958565,"John Munoz",765
18796859,104978482,"Pedro Visintin",147
18797428,194383222,"Write the Docs",365
18798561,3053901,"Nicole Simon",2240
18800528,183709387,"Thilo Zieschang",235
18801037,190868767,"Turbine Kreuzberg GmbH",94
18810072,190992731,"Melanie Lenk",21
18837829,14198793,"Nickel",151
18849592,49424952,"David Obermann",42
18859794,184526761,"Elad Verbin",762
18864480,190611684,"sebastian",202
18882572,46065252,"Matt Baldwin",1313
18902515,161149322,"Marius",2177
18906910,114419202,"kniepbert",236
18907197,89316562,"Anne Kjær Riechert",1522
18923701,187719168,"Marcus W.",116
18927528,40802132,"Marcel Scherf",115
18946551,104829382,"Christoph Meißner",123
18950004,192990661,"Benjamin Aunkofer",706
18950953,83758602,"Ferenc Erki",105
18962793,43669902,"Robin Pokorný",1375
18978680,157913942,"Denis von Brasche",222
19002435,184775987,"Alexander Korte",37
19005252,107434842,"12min.me e.V.",3679
19016697,2176188,"Alan",733
19019494,189911853,"Emma",519
19032815,209613675,"Wolfram Hempel",584
19041211,78360702,"Marcel Isakowitz",119
19044554,95662202,"Naor Weissmann",66
19058780,216783785,"Bitwala",234
19069587,91236262,"Rachel Elizabeth",847
19083244,196296186,"Kx Community",150
19083699,144352472,"Uwe Neubürger",166
19086589,90058342,"Philipp Busse",42
19089326,200652486,"Sara Lenz",246
19104538,71595532,"Petra G",226
19104911,218084830,"relayr",1162
19106712,4996678,"Callum Macdonald",216
19110962,13390388,"Jade Wang",79
19111218,100632842,"Fabio Ziemssen",394
19111417,84623882,"Jean-Jerome Schmidt",51
19112396,195826270,"Rodrigo Ponce De Leon",3105
19120686,14250450,"Chris Fregly",564
19126405,202322007,"Sajagan",83
19130411,59148292,"Dylan Cromwell",897
19133638,85350302,"Paul Reichelt",468
19136067,11475626,"Robin Mehner",1985
19140042,130847612,"Jewell Sparks",151
19141688,50155812,"Andreas Banholzer",163
19150511,185736899,"Soenke Bartling",510
19151005,50155812,"Andreas Banholzer",391
19156394,53315492,"Philipp",104
19159915,118028162,"Martin Köppelmann",474
19164508,189227516,"Andreas Grimm",1007
19175730,173114032,"Florian Glatz",245
19178082,20756351,"dedesato",328
19180956,43669902,"Robin Pokorný",419
19189905,187083359,"rino",894
19213860,71829522,"csongor baranyai",143
19213918,14536947,"Natalia",406
19216162,182536074,"Masahiro  Hanawa",68
19229913,187860201,"Micha Bues",617
19243622,120948162,"Antonia Ermacora",612
19246053,120948162,"Antonia Ermacora",149
19281406,99598902,"Conrad Pöpke",95
19282531,192815086,"Willi",345
19287583,197707349,"Josh Potter",373
19313346,193994782,"Simon Stegemann",568
19318105,197935210,"Rob",472
19326135,197993120,"delphine goethals",27
19328252,27350232,"PrestaShop",222
19329355,195966099,"Manny Acquah",522
19337113,82308052,"Diana Seeger",247
19343369,197666824,"Sam",374
19348674,225409326,"NetworkedAssets",201
19348733,198184576,"Clive K. Lavery",659
19359262,184545220,"Jan Gerwin",311
19365608,26689102,"Markus Goetz",154
19373919,58090452,"Ben",84
19420006,185232191,"Sven Anderson",80
19425020,2176188,"Alan",859
19439937,188124441,"Roger Sheen",28
19445200,82296872,"Balazs Szabo",384
19445350,198701099,"Eddie George",165
19446114,190132720,"Friedolin Stockmeier",1090
19451277,198648198,"Medici Living",39
19452722,193133158,"Alexander Müller",106
19484292,198992925,"Christoph Weingärtner",504
19507101,114547972,"Alexander Weidauer",1822
19522364,186726346,"Veikko Jungbluth",522
19556073,116949432,"Mahmoud",36
19568422,75071492,"Jonas Druppel",502
19583614,163121332,"Stefan Berntheisel",367
19588777,199966882,"Mike Pierce",74
19592862,234810105,"Open Source Networking",43
19594068,194189953,"Ronna Steinberg",352
19595792,128419992,"Christoph Auer-Welsbach",1372
19598029,23918362,"Philip Stewart",122
19606937,62143722,"Nicolas Dittberner",559
19623299,184709286,"Stephen Delisle",543
19624377,198016911,"Marcel A. Mayr",176
19632541,225387986,"Lana M",508
19633048,14239765,"Anastasis Germanidis",979
19642085,43512732,"Dajana Günther",2719
19647507,198754113,"Marcus Harringer",67
19651624,78360702,"Marcel Isakowitz",714
19652731,200779298,"Frederik Braun",224
19662843,216398381,"Netlight Berlin",536
19684718,197036247,"Vishal Kumar",235
19706367,190039114,"cusy",42
19737926,208556900,"Hyperledger",693
19743167,183018220,"Philip Steffan",551
19745250,209926160,"Wiredcraft",4075
19749103,209926160,"Wiredcraft",1556
19752364,116216432,"Andrey Kuzmin",275
19779310,201925848,"Kevin Duell",241
19780895,213740107,"Chris Kuehl",197
19782031,160335862,"Cristian",413
19782714,31670342,"Rasmus Johansson",124
19788853,10919338,"Philipp Schroeder",62
19789557,168600022,"Kei Kreutler",189
19812581,202981473,"Sammy the Shark",1528
19822369,197058577,"Carl White",574
19823181,194760844,"Mike S.",489
19848125,40059712,"Peter Harris",50
19866463,189388992,"Stefan",66
19870986,27375622,"Arman Nassirtoussi",249
19876618,187857279,"Rune",155
19882459,133792592,"Jonas Wegener",749
19910252,133623662,"Serverless User Group",486
19925518,194107470,"Martin Biermann",310
19926684,90410412,"Victor Schröder",303
19930088,113551062,"Sven Przywarra",808
19936454,160349732,"Sarah",115
19958905,142475052,"Matthias",93
19967105,14651479,"Benjamin Bolland",1723
19968361,164139462,"gislars",116
19975349,169062802,"Rona Bredahl",257
19975815,116301362,"Bodo Eichstädt",299
19990084,205329205,"openBerlin",160
19998285,212326206,"Tally",818
19999414,49654132,"Patrick Stanley",298
20001912,192853546,"Shermin",728
20018955,155319272,"Alæ Elhadba",955
20041190,163121332,"Stefan Berntheisel",242
20042326,121234612,"Nicole Bantique",46
20056202,76384782,"Collin Thompson",365
20057766,218854189,"Mesosphere",229
20072399,125525352,"Tilmann Böhme",1125
20073055,207101842,"roland koch",1485
20073863,152606242,"Ula Lachowicz",296
20073924,203641047,"CoopCafe Berlin",473
20076906,205322716,"Benjamin Kettner",139
20080093,14239765,"Anastasis Germanidis",66
20086969,28229552,"Alessio Tixi",72
20104545,125875512,"Damian Martone",649
20127098,208027540,"HERE",985
20127258,57285362,"Charlie Akalugwu",542
20148431,40455472,"Christoph Lühr",596
20148849,185006671,"Benoit G.",119
20149008,204429631,"Carina",71
20180659,26840312,"Anil Kumar Krishnashetty",1858
20186679,151012552,"Peggy",191
20187564,64622652,"Irene Yu",512
20187891,227124883,"Arnaud Allard de Grandmaison",130
20193921,181837972,"Michael Greth",51
20196799,221315800,"Sascha Kronberg",71
20198268,182506291,"Patrick Wa",164
20200900,198599401,"Ansgar Knipschild",118
20204071,216029383,"BDIT Community Mgr Berlin",532
20204149,216029383,"BDIT Community Mgr Berlin",237
20204892,208554180,"Lili Ya",577
20212287,143203822,"Laura",350
20231249,NA,NA,174
20233601,195222267,"Vladimir Storm",640
20233866,214302579,"Kontena Wharfie",53
20235288,146910522,"Maarten van der Hoef",212
20281738,210309929,"Inga",100
20288700,125875512,"Damian Martone",155
20288976,204726442,"Tyrone Guiamo",874
20313455,25771522,"Darja Gutnick",1081
20328154,157476522,"Julian Vogels",99
20366967,92331112,"Charlie Shafton",29
20370223,219847815,"Peter Breuer",561
20373523,120950672,"Artjom Simon",19
20376413,13189427,"Anton Skornyakov",962
20380448,111543822,"Sylvia Taylor",26
20383485,74445452,"Markus Lühmann",2192
20398362,20756351,"dedesato",603
20406136,142755952,"Krisjanis Rijnieks",96
20412558,147230092,"sven laepple",34
20415913,138787642,"Mathias Elgeti",63
20421255,182695932,"Code for Germany",135
20421642,212392293,"Matthias Schmitz",137
20431514,109916402,"Daniel Lozynski",53
20431748,185738667,"Valentin Hrib",94
20438871,50224702,"David Higgins",128
20444682,208501476,"CNCF",176
20454390,187510140,"John Kawohl",39
20467948,192990661,"Benjamin Aunkofer",109
20529795,14054973,"Alex Lobera",495
20592041,192522148,"Alexandra Deiters",25
20610369,192760991,"The Family",4497
20637176,69074142,"Joern",300
20643195,57764772,"Chris Kühl",717
20648412,166126722,"Meinrad J. Müller",270
20685165,147887942,"Clara Ruiz",242
20712496,214868422,"Ville-Veikko Helppi",109
20769677,212525689,"Dominic H",99
20784313,118514862,"Nicolas Peters",442
20803957,199365137,"Laura Pfannemüller",369
20818467,15344651,"Alexander Grosse",444
20838390,170987142,"Lukas Masuch",991
20855487,8492182,"Bruno Iafelice",271
20882558,108752882,"Semir",191
20913387,120237582,"Jutta",306
20927378,164139462,"gislars",55
20938373,196001407,"Alexander Peter Hihler",102
20967162,88944852,"Diogo Rendeiro",43
20977178,211816295,"Christin Zasada",292
20990297,215945769,"Ben Schuman-Stoler",274
20992659,215952734,"myToys IT",293
21029927,140391362,"Marcus Kleppe",116
21054184,216029383,"BDIT Community Mgr Berlin",162
21084402,127097142,"Stephan Seitz",106
21084947,8524174,"Adrian Avendano",37
21106891,166126722,"Meinrad J. Müller",1566
21132216,242622782,"Laura Harrison",63
21186412,131652392,"Charlotte Johnson",883
21197986,182489064,"Ole Traupe",502
21206730,216833088,"Oliver Kurowski",15
21206928,216833088,"Oliver Kurowski",59
21209391,216847972,"MINHOFF",49
21211054,216847972,"MINHOFF",14
21245564,130447732,"MF Meetup Orga",713
21254122,190296404,"Amir Hadi",39
21262446,113856612,"siprellcc",271
21262742,61677092,"Bas Cancrinus",584
21275442,216779366,"Carola Klessen",122
21283160,212787162,"Thomas Stensitzki",7
21285072,40386782,"Seva Dolgopolov",70
21301439,229214632,"Daniel Lustig",1241
21323669,193790954,"Oliver Richter",90
21346528,101426282,"Mario",38
21449749,200150147,"Philipp von Hammerstein",2035
21520854,205947952,"Epitech",205
21520858,217470320,"Hi-Gung",146
21532109,92762192,"edapx",155
21554654,207160873,"PeakAce",566
21562104,212981127,"Lisa ",159
21563663,219315503,"Claudia Rämisch",181
21571781,14437252,"Paul Spratley",818
21589250,62526782,"chris",119
21637864,216398381,"Netlight Berlin",211
21654912,178217942,"Agata Kuźma",388
21788271,1806638,"OpenShift Commons",89
21832989,209031624,"Cumulus Networks",65
21893490,3380309,"Derek Harp",110
21965865,204120323,"Kristina Müller",497
21967206,219648879,"hub:raum",189
21979249,218423001,"CodeControl",124
21980721,139278832,"Lrock",218
22048639,99598902,"Conrad Pöpke",807
22059556,192483199,"Contentful",230
22073532,218085424,"Geeny",1894
22073990,211704394,"GTEC",981
22162288,185210412,"FrauenLoop",213
22162657,192751279,"Katja K.",250
22176763,50947952,"Norman Köhring",730
22177974,202783733,"3pc",14
22202691,184100068,"Sarah Briddon",227
22215665,147041402,"Matthias Leimeister",470
22216242,235794613,"Thomelsch",1108
22217357,214910971,"Elixirelm.com",50
22261358,221497968,"Linda Walter",150
22269575,221562850,"WATTx",139
22283235,221628561,"max czet",111
22285961,196129905,"David",203
22318654,87967692,"Maksim Mur'ye",215
22328601,217082443,"Ian Gomez",1698
22355013,150403212,"Tamao",104
22363109,204805399,"Thomas Heilmann",25
22368602,155146212,"Steve Duncan",97
22391172,184803048,"Olga S.",559
22399811,186306489,"Christian",641
22401415,214940352,"Roman Lange",85
22418940,221715600,"Alice Richardson",343
22458909,206793778,"Alex Lange",613
22469536,129748872,"Stefan Wolpers",389
22485369,220972388,"Ghazaleh Zm",15
22518199,147215012,"Sascha Steinbock",125
22568857,222505334,"Rainer-Maria Fritsch",30
22583823,122757952,"Nuno Simaria",256
22597101,222521233,"upday",212
22602141,199418976,"MartinLasek",195
22637402,187529599,"Kostas Chr",298
22662742,222824658,"MatchX",89
22700621,40455472,"Christoph Lühr",31
22730725,151847542,"PKafel",332
22747847,223073727,"Jennifer Bencivenga",365
22796327,71081142,"Natasha Grujić",600
22818823,87722502,"Luke Reed",315
22828705,184210915,"samu",151
22836285,223494422,"sandra ",847
22867641,225216859,"Ines Lehrke",229
22870358,70813632,"Hasan Gürcan",482
22873636,197519429,"Matthias",116
22878868,76635862,"Alex",150
22892957,38248412,"Arash Kaffamanesh",708
22905599,201901404,"Krisztian Toth",45
22909786,219589881,"Antonella Morelli",179
22913714,197519429,"Matthias",49
22913843,208095104,"Timo",129
22936084,86242892,"Karin Schöfegger",370
22945382,221160933,"Michael Schirra",304
22950122,14020392,"Meno Abels",60
22957580,184210915,"samu",134
22972876,189997829,"Hans Knöchel",68
22982285,224304475,"Cryptoeconomics",32
22983621,224304475,"Cryptoeconomics",679
22986801,85333702,"Natalie Pistunovich",1785
23025005,224541029,"Next Big Thing AG",1165
23026299,209795849,"Amy Fleming",75
23121222,178704742,"StaceyHoward",431
23124503,84575592,"Pawel",28
23127987,224193543,"Christian Boettcher",54
23141743,224974367,"Tobias Martens",208
23146285,69404052,"Hamidreza Hosseini",46
23148167,192483199,"Contentful",261
23174054,202783733,"3pc",171
23176703,97867462,"Luis Höfer",53
23208315,182792394,"Florian Weil",203
23228190,185210412,"FrauenLoop",288
23229321,225391076,"Regina M. Sipos",493
23232835,225409326,"NetworkedAssets",116
23233294,209414747,"Franz Milec",201
23260891,218713656,"GlobalTech.City",17
23326206,55237262,"Kathleen Olstedt",552
23326464,225890369,"Daniel",113
23330506,202783733,"3pc",16
23341464,6236524,"Meghan Kane",74
23351416,219429479,"Alper Çekiç",29
23353836,225966368,"Jan Wandrey",32
23405012,122488262,"Claus Peter Neff",57
23423847,60326972,"Emanuela",355
23570073,244239518,"Thomas",387
23586205,124933132,"Rodolfo Dias",113
23587702,69074142,"Joern",288
23635682,146993292,"Lui Joy",477
23641096,55121152,"Florian Krumb",116
23666991,57665352,"Nikolas Martens",94
23685148,227182876,"Data-driven personalised service",73
23689527,227260678,"Ackee",28
23701271,227260678,"Ackee",63
23718857,89967872,"María",46
23735631,191929426,"Diahala D.",254
23820813,226941973,"Ceteris Events",30
23841384,152284422,"Nives Nadoh",78
23863906,191310195,"Maestro Billy",29
23931862,152895402,"Craig Sailor",50
23933362,183279487,"Mark Thackwell",349
23961957,136366092,"Moritz Bierling",54
23964829,26840312,"Anil Kumar Krishnashetty",81
24054330,59695632,"Martina Skender",86
24141483,226732393,"Alexis Susset",137
24141506,224671803,"Loek (hauptstadtcoder)",492
24142167,217293531,"surfer",50
24199677,184697280,"Michael Wieland",54
24222961,212845865,"Kirill KNAUB",381
24225778,225467746,"edulabs",452
24295490,187510341,"Natalia Karbasova",129
24296969,235287664,"NEM.io Foundation",187
24306680,229126757,"Tatu Kärki",160
24310410,190869896,"Erwin M. Schmidt",1180
24316210,229149891,"Sarah Koch",27
24328868,219376764,"Albena Krasteva",116
24395538,138411452,"Claudio",576
24442363,29033022,"Andrey Salomatin",199
24473525,217239143,"Selina McCarthy",341
24501475,199355271,"Lisa Nöth",268
24541300,41713552,"Raisa Berger",104
24552208,201721805,"Marcel Zehner",16
24557461,230031832,"vetomat",50
24571255,68188072,"Vitaly Pushkar",86
24581823,193397737,"Digibi",80
24596840,54966332,"Hany Rizk",93
24597561,230230316,"Mark",65
24612601,230301705,"Tim Alber",48
24667097,227966076,"Nicola Kaiser",76
24670828,123282902,"Alexis Rondeau",139
24686200,95499502,"Thoralf J. Klatt",314
24704387,229996842,"b10 | Venture Capital",368
24719831,190861140,"Stefanie Mania",126
24745576,230410694,"Roger Schneider",173
24814122,91939942,"Markus",652
24814345,202367708,"Hilmar",392
24840444,230799589,"RecdoTech",722
24846888,71590062,"F. Manfredi Furuholmen",288
24855612,184977419,"Adrian",214
24856042,231208453,"Frédéric Ktorza",11
24857471,231208783,"Adam Woozeer",268
24923185,20580501,"Thorsten Schmid",91
24927404,17341331,"Matti Kawecki",156
24945027,219718424,"Wijnand K.",125
24951633,150616272,"Adi Hochmann",41
24952736,203266257,"Marcin Kozlowski",98
24984644,206328284,"William Quiviger",24
24996801,119173382,"Peter",116
25030769,232054778,"Kozi",1
25036057,98327292,"keturah",293
25046312,232145343,"PubNative",76
25048325,104874552,"Gustavo Guimaraes",208
25070618,NA,NA,121
25129378,204195780,"Friedrich A. Neuman",872
25131157,133443212,"Stefanie Doll",82
25162248,191527809,"Elisa Barrotta",434
25164812,90934632,"Lutz Leichsenring",159
25202567,78183202,"Raisa Kaipainen",198
25229413,246067363,"Jennifer Kucza",312
25249851,232990536,"Trivial.co",1583
25266841,222832361,"Zoe Harman Conlon",8
25290420,88584982,"Nicco Kunzmann",50
25292808,230618157,"Conor",187
25297409,170966292,"Mozamel Aman",159
25331543,127785462,"Nando Rossi",93
25346936,46438072,"Christian Boas",125
25386421,135080352,"Chris Armbruster",538
25401438,229057425,"Shankar R",23
25414527,223128147,"PD Dr. med. Harun Badakhshi",46
25429395,211889088,"Chris Hobcroft",117
25436555,41814792,"Sowmya Guru",172
25446267,233798020,"Riccardo Klinger",26
25446775,233737926,"Martin Mischke",273
25463891,7527110,"Sven R.",77
25478268,204459458,"Devon Powell Krantz",1153
25479576,234019918,"Kai Gärtner",13
25491094,204459458,"Devon Powell Krantz",94
25526269,234312730,"Claudia Julius",91
25528777,138411452,"Claudio",162
25540935,228698989,"Alexander Heidl",143
25544353,234424381,"Marc Montwe",87
25573452,76635862,"Alex",47
25573849,76635862,"Alex",27
25583461,229624141,"Ulisse Dell'Orto",1070
25629366,219791597,"Gordon Lesti",68
25630018,232078544,"Michael",36
25633703,227554954,"Oliver Grasl",57
25675661,235072143,"ClickHouse",92
25676572,13318663,"Oleg Slobodskoi",102
25691002,191987730,"Jeff Harris",33
25704871,226814915,"Ryan Lieber",199
25716374,196178220,"Imke F",227
25766779,176781972,"Axel Johannis",38
25779542,200334964,"David",583
25779929,65307082,"Robert Haritonov",417
25783013,233188067,"Sören Schulz",120
25786791,192990661,"Benjamin Aunkofer",108
25815618,235869708,"Quintact",55
25839583,220529274,"Cim",359
25850006,265792,"Mark",864
25861451,5894744,"Felix E. Klee",25
25890851,212553863,"Sepideh Razazzadeh",390
25891065,204640356,"Mateo Sotomayor",403
25897554,62690292,"Denys Stetsenko",209
25913163,200673849,"Future of Data",89
25919262,191900026,"Michael",305
25934491,185537988,"Marcel Grödl",17
25960603,139278832,"Lrock",66
25970386,137694702,"Roland",57
25972204,187265946,"Sebastian F. Müller",97
25991519,187443623,"Güler Aydin",293
26002516,85641202,"Jan Fellien",48
26003136,222835532,"Jonathan Bracken",52
26013648,237159510,"GitHub Germany",501
26047373,204429631,"Carina",19
26047420,204429631,"Carina",21
26067043,184977419,"Adrian",236
26070166,194101722,"Romain Doutriaux",152
26123628,229321171,"Markus Zielniok",174
26136399,229718383,"Marcel S.",93
26144581,183432096,"Startupblink Global Map",81
26171587,223484453,"Mathias Milstrey",52
26186759,168600022,"Kei Kreutler",132
26194492,41814792,"Sowmya Guru",102
26207005,NA,NA,120
26207455,120948162,"Antonia Ermacora",255
26223732,232104192,"Benjamin",101
26229303,50947952,"Norman Köhring",43
26229608,116311452,"Erik V",374
26251428,62526782,"chris",7
26275495,194899575,"Grzegorz Kopij",33
26283164,193420385,"Mario Steinbuch",236
26297779,234278178,"Sarah Cassidy",162
26303350,222385011,"Rene Wetzel",30
26315228,185596747,"Stephan Hesse",111
26317722,198775969,"Vince",146
26325000,205321574,"Ian Ritchey",306
26325481,11158032,"Jun Julien Matsushita",157
26326025,42784252,"Khaled Garbaya",355
26329606,221051412,"Tague Griffith",46
26338994,238726145,"Chris",266
26380834,26805072,"Pouya Mohtacham",28
26380930,189874590,"Eileen",85
26390856,6420255,"Trev",333
26403902,9312543,"Alex Peters",51
26408506,238746269,"Judith Jaskowski",1
26435694,45926062,"Michel Tucker",580
26451666,240164592,"Berlin SEO ",36
26468002,240284529,"Ironhack",336
26480255,239013146,"Carla Martin",38
26522432,12240402,"David McNeill",259
26534289,235143890,"Hansen Wang",81
26535031,232976677,"Tim Bansemer",252
26538353,219920256,"Sam Holleran",248
26538702,240783900,"Matt Baldwin",59
26574296,186373678,"Radimir Bitsov",163
26583746,186871625,"Ma Rin",89
26586284,228562540,"Christoph Goeken",809
26597098,213254182,"David Terry",301
26618603,240774612,"Hashgraph",88
26661980,241131577,"Hicky",257
26666288,190728673,"Stefan ",149
26666635,236849133,"Adam Wozney",402
26671708,241957419,"Camunda Team",23
26672918,80759572,"Simon Hönscheid",17
26681351,15599081,"Harry Marshall",63
26686983,229505002,"Thomas Euler",324
26697951,204542020,"Simon Roger",72
26716186,232219080,"Philipp Mayer",163
26723990,209920367,"joyce.zyq",64
26724802,10255095,"Massimiliano",57
26729637,195514169,"Magomed Chatuev",147
26735498,219791265,"Silicon Allee",662
26736323,238075479,"Olivia",138
26744738,234474539,"Michel Lawaty",50
26746485,192800524,"Awa Sun Yin",56
26747628,212603352,"Speak 4 Future",77
26747993,37227172,"Nathan Williams",286
26754231,218085424,"Geeny",292
26780133,117574612,"FAB LAB BERLIN",42
26782055,238358547,"Alicia",181
26782383,46034042,"Moritz Stellmacher",333
26784730,243026743,"Guisela",59
26790484,243174211,"Franco Bettels",60
26790956,219791265,"Silicon Allee",104
26799259,65987062,"Shlomi H",71
26800260,241302775,"Rafael Schultz",26
26800638,219529522,"Leo Bassani",119
26800707,242666695,"Jan-Hendrik Schmitt",109
26807801,134301482,"Norbert",24
26813456,184289333,"Tim",6
26816455,235869708,"Quintact",33
26818363,243436957,"CHORA Conscious City Lab",50
26821149,20756351,"dedesato",433
26852526,220205380,"Fausto Lorfeo",50
26860624,97199992,"Miriam Neubauer",601
26861549,61019432,"George Papa",20
26861811,243827655,"Virginie",28
26881181,67285962,"christelle",179
26881238,241057401,"Jonas M",59
26887722,65340472,"James",43
26911577,243329294,"Simon Dierks",144
26937620,232976206,"LSW",88
26948547,83901282,"Christoph Neye",58
26983412,191789168,"Frank Hoppe",45
26992200,244508156,"Flo Kandler",473
26992516,132423872,"Philipp Blum [Citrullin]",235
27037148,212084466,"Shakib W.",163
27051632,217480511,"Arno Pfefferling",74
27099741,194107470,"Martin Biermann",14
27101492,245660629,"Nardoz",94
27103474,222702786,"Inkitt GmbH",188
27109793,245714578,"Jörg Atai-Nölke",44
27121061,212149970,"Balazs Deme",17
27127870,178321042,"John Scianna",81
27131056,26840312,"Anil Kumar Krishnashetty",132
27141948,190728673,"Stefan ",133
27154995,157851982,"Ronny Karallus",34
27156857,155825412,"Violeta",23
27163258,25242092,"Marie Schweiz",41
27163468,246067363,"Jennifer Kucza",176
27173742,195784895,"Sebastian",31
27177998,114942822,"Henri",45
27186590,229084867,"Cassidy",24
27194602,215596308,"Startup Embassy",50
27200562,90935822,"Ruben Vicario Gonzalez",65
27204098,229547756,"Siegmund Mioduszewski",24
27205506,245333504,"Michael Benirschka ",145
27209151,4788073,"Ministry Of Testing",155
27231502,245580900,"Bitcoin Bar Berlin",68
27239917,246080857,"Up at Five",65
27260905,146993292,"Lui Joy",6
27269837,132728812,"Kemal Apaydin",59
27280194,246849032,"SaaStock",12
27280478,246874927,"21re Meetup",110
27293509,241293392,"Suryaveer Patnaik",10
27295691,236646365,"consuman",88
27303844,195690507,"Alina ",33
27312282,182977688,"Diego Maldonado Rosas",35
27313314,210847736,"Hendrik Kettelhut",174
27313873,86749712,"Andreas Behrens",82
27314544,121649952,"dmitri katz",46
27325185,170235392,"Elena Poughia",46
27333915,191041058,"Gonzalo Sanchez Slik",251
27334599,115703722,"Moritz",13
27343257,219572463,"ASQF e.V.",42
27346556,4996678,"Callum Macdonald",40
27354373,249061466,"datree",110
27364838,189181685,"Partha Dash",170
27368333,142209802,"Maren Lesche",161
27377715,222210135,"Ashish Kalra",160
27396744,207985775,"Robbert Van Der Pluijm",23
27407965,NA,NA,131
27409473,247728486,"Connected Living e.V.",46
27412556,241302545,"Julian Stolzenbach",183
27413616,122527012,"Eckart Burgwedel",48
27428975,237708483,"Matthias Wolf-Dietrich",112
27429461,179132132,"Roy van Rooijen",65
27433037,20063741,"Kathryn",68
27433347,241309322,"Marcus Schollmeyer",100
27434963,247163979,"Helen Gimber",16
27450816,243326695,"Semmel ",13
27471518,121649952,"dmitri katz",28
27485657,126116832,"George Fintikakis",42
27488120,245261391,"Natalie Pawlik",91
27488656,182679818,"Tiago Griffo",140
27504286,46668302,"Peter Grosskopf",35
27519550,139278832,"Lrock",65
27520258,225457916,"Arlit  (Quobyte)",97
27528398,225388018,"Jan Kristinus",29
27530873,221574608,"Sandra Rang",17
27539769,54258712,"Nicolai",37
27546219,136232562,"Kevin Weber",47
27547958,188661446,"Hsin-Ju Chuang",68
27548752,248403245,"Eric Osmand Barnett",50
27572413,139278832,"Lrock",34
27576812,155706512,"Haikal Pribadi",35
27596982,92428612,"Lars Markull",103
27609488,189875657,"silke",67
27622301,93828082,"Eike",34
27631684,248097526,"Laraib Khan",64
27632496,222505334,"Rainer-Maria Fritsch",8
27640197,199082705,"Angel L.",1
27659190,210530446,"Pierre Martinow",45
27665714,132735242,"Nadezhda Belousova",221
27667676,215214080,"Staff BeMyApp",37
27688279,122761382,"Ludger W.",39
27693467,192800524,"Awa Sun Yin",17
27694562,233359557,"Sophia Ha Ho",66
27730400,229202857,"Achill",34
27731990,249568606,"Dieter",21
27732964,71081142,"Natasha Grujić",30
27741791,192428199,"Stratos Ion",50
27742021,196803089,"Severin Deutschmann",66
27746306,129087882,"Julia Biro",39
27754186,202187608,"Yacine Terai",35
27757243,249726547,"CONSERVE BlockChain-Service",17
27758550,217642285,"Sadat Anwer",9
27763949,249793204,"SysEleven Team ",16
27794711,249919252,"OPEN TECH THOUGHTS",29
27799198,249665627,"CHAIN{DEV} LATOKEN",23
27806238,241853839,"Marco Schulten",4
27806748,226941973,"Ceteris Events",1
1565821,10497049,"Daniel Koller",122
2026431,17760661,"Diana Knezevic",629
2542242,13134040,"Florian Schumacher",456
2649362,NA,NA,92
3147322,13713626,"Javier Graciá Carpio",903
3265392,49330882,"André Volwater",2788
3270542,13230729,"Ralf Westbrock",2443
3342782,28894082,"Freerich Bäthge",279
4493412,24657752,"Ben Phelan",1000
4533812,17760661,"Diana Knezevic",1149
4714762,136017342,"Neo4j",452
4783212,17760221,"Tomislav Zorc",295
4858332,4241103,"Morton Swimmer",537
4939632,17760661,"Diana Knezevic",1328
5707402,60306342,"Simon Häußler",722
6572512,64863892,"Stefan Lemper",321
6592132,75674762,"Jörg Dennis Krüger",146
6604672,76569592,"Robert Dahlke",958
6799692,50994002,"Marco Otte-Witte",466
6807182,95402442,"DataStax",273
6885032,41694382,"Christoph Stock",1142
7267472,202992510,"Meteor Community Meetups",306
7532542,4241103,"Morton Swimmer",22
7600282,215214080,"Staff BeMyApp",380
7655642,69786932,"Severin Schols",581
7720232,227765424,"gutefrage",698
7732932,18061131,"Daniel Bartl",708
8285482,69772942,"Alexander Zacherl",1274
8329202,91905822,"Benjamin Davis",114
8579232,227765424,"gutefrage",693
8650402,189507624,"Christian Essling",4045
8851722,31318442,"Sebastian Schulze",433
9128172,104953432,"Christian Uhl",564
9128392,14380474,"Michael Ep",2799
9315342,204135137,"Salesforce Developers",339
9479322,181439682,"Christian Waha",436
9564352,100621512,"Marcel Paul Bosboom",289
9756922,160357452,"Tobias Dreyschultze",135
10162532,63751982,"Stefan Levko",831
10450142,122189732,"Tobias Schneck",792
10495202,32242212,"Andrey Nechypurenko",414
10644192,115832762,"Ilias Foukis",554
10704512,182786912,"Klaus Iglberger",1669
10964042,118538582,"Software & Support Media Group",85
10979402,118689842,"José Jeria",936
11150702,186996767,"Elastic Devrel Team",1095
11215782,111083172,"Bernhard Schmalhofer",75
11483872,124028192,"Nicola Paone",263
11993922,43533372,"αλεx π",722
12254422,128834142,"lausser",275
12372022,99075942,"Pierluigi Pugliese",113
12572892,15979501,"Tristan Helmich",1405
12579092,43502722,"Johannes Weber",1347
12659962,146903392,"Philipp Rappold",327
12751782,13783128,"Jan Kennedy",194
12861632,133160592,"Lars Schmitz",543
12930622,138827002,"Sven-Michael Stübe",384
13153162,133377572,"Andreas Emer",386
13168132,11029809,"Wolfram Kriesing",1060
13226092,186684536,"Timo Ehmann",207
13337422,132067032,"Oliver Rupnow",190
13705352,129339582,"Women Who Code",179
13747262,100869192,"Dominic Phillips",702
13860382,116777172,"Taghi Paksima",1671
13961362,12748118,"Béla Varga",1619
14133352,143964372,"Nextcloud",168
14227622,144741812,"Juergen Schuster",109
14341692,132682932,"Christian Deger",2765
14476282,93599762,"Nancy Berlin",2814
14546712,69506052,"Markus Ostertag",2361
14586172,132078222,"Andreas Brunnert",939
14608602,30807842,"Martin Mayer",116
14826202,10502917,"Dr. Uwe Stoll",2322
15060472,14467137,"Johann Romefort",1507
15353772,153626792,"Dominic Eskofier",685
15450742,100607022,"Roland Oehen Kanzow",395
15638632,14133395,"Martin Hoffmann",1196
16000972,14269303,"Alexander Loechel",1115
16009372,140058832,"Florian Heigl",31
16613142,13175528,"Jana Kupfer",792
16729662,157489712,"Elena Poughia",3824
16845232,30807842,"Martin Mayer",157
16999242,31367692,"Axel Schultze",1253
17136242,91221122,"Simon Dittlmann",573
17214922,29699352,"Dimitry Polivaev",1891
17278872,134326702,"Kanya",351
17307142,119549762,"Patrick Blitz",376
17471122,117347352,"Martin Laarmann",400
17614202,43533372,"αλεx π",587
17658472,186658164,"Sylvia Le Hong",1948
17660862,113700772,"Uliana AnD",1103
17738432,138935752,"Peter Schlipf",47
17763402,146238992,"inovex GmbH",489
18060162,166825592,"Cemil",48
18136772,14467137,"Johann Romefort",401
18178782,182540881,"Couchbase",74
18195599,72560962,"WordPress",699
18197695,183338587,"Tim Moebus",53
18202528,14269303,"Alexander Loechel",170
18225255,26368392,"Johannes",779
18240584,182695932,"Code for Germany",833
18244451,196296186,"Kx Community",266
18258556,67672002,"Jess Erickson",703
18305607,99075942,"Pierluigi Pugliese",322
18325305,78826142,"Sven Ruppert",477
18352459,184291288,"Susan Hartmann",240
18352585,193738061,"Daniel Valenzuela",1697
18362014,183745889,"Reinhard Rietzler",55
18370745,183840764,"Hagbard Celine",437
18371494,77197262,"Heiko Erhardt",238
18389204,183970002,"Rolf",207
18408067,155997512,"Fausto Milletari",1203
18422849,150755422,"Nick Golovin",575
18428182,71757792,"Werner Huber",758
18463218,208155250,"Nicole Schöpper",50
18465019,183743962,"Regina ",94
18493901,6807388,"Annette Leonhard-MacDonald",788
18528861,184159940,"Christian Hoene",154
18529526,185751714,"Aug-Muc Organisationsteam",648
18542069,29712182,"Hacks/Hackers",643
18567748,183840764,"Hagbard Celine",297
18568650,186718393,"Henrik Andersson",48
18571827,64135212,"Angelo Rüggeberg",921
18574027,186868969,"3PworxGmbH",1225
18582873,78826142,"Sven Ruppert",19
18594503,187512900,"Ramona G.",183
18594917,45060382,"Markus Jais",372
18608593,212010624,"Florian Heiwig",930
18628927,187859919,"Stylight Tech",326
18632821,119549762,"Patrick Blitz",841
18648649,198090921,"Annika IXDS",721
18650565,100869192,"Dominic Phillips",227
18665264,188491477,"Vishal Kumar",195
18672296,187088276,"Ansi-bull",379
18672637,69786932,"Severin Schols",136
18677801,70017132,"Danny Linden",562
18685055,174953942,"Renke Holert",17
18706411,65632782,"Anton Caceres",1158
18707469,211462200,"Jewell Sparks",268
18737970,144749492,"Andreas Ströbel",81
18742132,64211722,"Adam Terlson",1256
18754430,79353932,"Karl Pitrich",202
18754441,79353932,"Karl Pitrich",123
18760445,186411191,"Stefan Sulistyo",50
18780219,131457702,"Andreas Geissinger",128
18822202,186197993,"Lars Tams",36
18822256,187859919,"Stylight Tech",216
18828826,31645452,"Philip Schneider",2978
18840725,191430585,"Johann Romefort",899
18862563,187859919,"Stylight Tech",2886
18888311,142162082,"Markus Heller",56
18922028,19289761,"Ben Bachhuber",155
18930291,40075962,"James Riordon",132
18930367,192711701,"Nerd Rider",412
18934152,60817092,"Haris",668
18937214,192802525,"Daniel Hinderink",50
18942254,179141392,"Matthias",177
18962922,110456652,"Ken Lomax",323
18963486,11029809,"Wolfram Kriesing",397
18978571,91221122,"Simon Dittlmann",271
18980890,56735662,"StartupBlink Global Map",417
18985124,145660882,"TechDivision München",776
19020346,44796192,"Markus Jaritz",277
19029492,243339358,"Beate Stiller",353
19029966,194143910,"Andreas",251
19033014,119118302,"Janek Thomas",851
19042292,106527522,"Josef Adersberger",761
19051177,184405784,"Tim Geisler",15
19083521,130447732,"MF Meetup Orga",160
19085670,130847612,"Jewell Sparks",181
19089466,211022081,"Daniela Bentrup",238
19089529,191430585,"Johann Romefort",500
19095162,149723142,"Sebastian",830
19108884,114568442,"Suny",283
19135904,195761504,"Renat",839
19149051,8619786,"Markus Junginger",691
19165992,62238492,"Bastian Spanneberg",750
19175294,196343578,"Wilhelmina Jewell Sparks",672
19178292,185675465,"Ralf S.",404
19213981,14536947,"Natalia",765
19221921,197678569,"Rolf Klemm",65
19231989,159982882,"Dirk Schart",523
19276008,212010624,"Florian Heiwig",108
19276177,137694702,"Roland",33
19343753,14467137,"Johann Romefort",2346
19352629,197935210,"Rob",408
19431594,198599401,"Ansgar Knipschild",245
19440014,197958045,"Maximilian Melcher",50
19445055,198699471,"Nathan",343
19506754,204650309,"Laura Thomas",331
19508733,198971986,"Martin Weiß",457
19524528,183783712,"Alexander Hoffmann",886
19579454,240150614,"Austin Fraser ",327
19593827,54960042,"Mark Robert Coleman",288
19618152,187962995,"Denys Holovatyi",1392
19656241,13175528,"Jana Kupfer",69
19656295,198325295,"Peter Hartmann",302
19675470,200707771,"Werner Nieberle",172
19680499,192889963,"HypoVereinsbank",1249
19684460,173094052,"ToBe",33
19690789,200673849,"Future of Data",302
19694168,201209861,"Jérôme Lutz",490
19723361,197758989,"David Sporer",137
19737977,208556900,"Hyperledger",333
19743388,201615998,"Toby",703
19760761,43502722,"Johannes Weber",355
19781995,182567326,"Marcus Biel",94
19804225,202336321,"Marc",454
19816364,36106832,"Alex",28
19820062,197997117,"Michael",1687
19826973,13469413,"Michael Reuter",1573
19839944,240150614,"Austin Fraser ",560
19843628,243339358,"Beate Stiller",66
19864957,201734053,"Sydney Simon",365
19885528,177878112,"Cornelia Denk",50
19897652,50994002,"Marco Otte-Witte",199
19905989,96591722,"SaltStack",48
19921609,204628923,"Andre Essing",527
19943573,189113942,"Carsten Rösnick-Neugebauer",50
19947736,205054129,"Froglogic / Harri",108
19947777,133943492,"Matthias Klatt",116
19959416,182552805,"Lina Timm",196
19962732,12999133,"Michael Palotas",117
19974719,130447732,"MF Meetup Orga",655
20009630,205827921,"Sarah Wolff",63
20069767,180566662,"Felix",82
20074127,201638141,"TIBCO Meet-Up",27
20090886,140058832,"Florian Heigl",9
20094836,201638141,"TIBCO Meet-Up",37
20094847,192854341,"Eileen ",1066
20102481,193714787,"Paul Mundt",82
20122424,143273522,"Puppet",110
20132343,201209861,"Jérôme Lutz",101
20144353,187857063,"Simon Köhl",44
20150744,121234612,"Nicole Bantique",19
20152603,208484786,"Funnelblick",73
20178930,100222042,"Gregor Wolf",157
20187264,209069867,"Jochen Jülke",148
20202002,184727568,"Stefan",369
20215607,181439682,"Christian Waha",969
20222319,196388840,"zero.five | zero.six",43
20225730,5516217,"Saloua Litayem",810
20276051,181439682,"Christian Waha",217
20279194,181439682,"Christian Waha",353
20302414,204971309,"Michael Theodossiou",108
20304016,136826732,"Olga Petrova",78
20321716,211098200,"Ellen Hermens",831
20332072,226880999,"Lydia Pohl",732
20365744,204170756,"Heidi",66
20389664,212324174,"Johann Romefort",332
20413739,38090032,"Gerhard Müller",1244
20422127,212873198,"Ceph",57
20439342,39404992,"Toni Uebernickel",109
20441910,112128482,"Orange Networks",180
20441976,200349937,"Hans Jung",121
20452092,185411794,"Maxwell Arbuckle",333
20453681,212817821,"Peter Kraume",95
20456261,119947182,"Thomas Tränkler",617
20482354,130447732,"MF Meetup Orga",771
20484387,13006904,"Tobias Worzyk",631
20542492,196958565,"John Munoz",365
20549499,207236465,"Carl",352
20569651,208404906,"Tobias Urban",1413
20609405,136608742,"Dimitar Siljanovski",225
20609496,214382446,"Bernhard Findeiss",39
20636790,178217942,"Agata Kuźma",479
20640971,215616497,"Pavla Verflova",195
20641450,202804512,"Christian Hirsch",814
20740762,212553717,"Roland Dürre",163
20766949,41189642,"Fabian Dill",550
20767646,54573652,"Sven Johann",217
20772296,13775513,"Livia Vasile",46
20783802,203471016,"Amadeus Bernhard",96
20785173,13775513,"Livia Vasile",132
20835698,195371504,"Silvia Bormüller",502
20859533,198196433,"Andrea Monacchi",204
20901297,212324174,"Johann Romefort",556
20912267,215567093,"Scandio GmbH",103
20926046,203632827,"Florian Sesser",167
20978861,76890822,"robertj",17
21008826,215560138,"Hermann Kurz",112
21009316,88698162,"Michael Jaser",366
21016879,195371504,"Silvia Bormüller",582
21038385,142239882,"Mario Fahlandt",572
21077231,208244251,"Christian Lehrer",302
21079013,4788073,"Ministry Of Testing",403
21089631,3380309,"Derek Harp",122
21117839,209747624,"Michael Plöd",365
21129044,216490782,"Birgit Weber",263
21130216,31160242,"Sebastian Slomski",168
21132069,183440954,"Bernhard",27
21184523,182476019,"Michael Petry",95
21187706,19289761,"Ben Bachhuber",124
21254055,183548379,"Frederic M.",57
21254852,215168654,"Lu Jin",318
21261976,215168654,"Lu Jin",66
21295162,106527522,"Josef Adersberger",108
21296490,138827002,"Sven-Michael Stübe",453
21301702,207653093,"Sebastian Ge",74
21366293,138300142,"Thomas Gläser",887
21490900,127579052,"Alex Lenk",636
21494752,232002332,"Michael Gisdol",139
21546741,189585771,"Alois Hotter",208
21549967,217994650,"Jan Aschhoff",2
21561718,201901404,"Krisztian Toth",45
21565792,142014612,"Vladimir Tosovic",1033
21573612,221715600,"Alice Richardson",337
21587805,247169799,"Isabel ",41
21665665,195371504,"Silvia Bormüller",814
21667124,208153738,"Thomas Janetscheck",257
21667274,207653093,"Sebastian Ge",194
21733865,24347372,"Peter Hall",584
21740069,106407802,"Ankit Bahuguna",311
21776754,204359432,"Vera",158
21782085,180442972,"Oliver R.",227
21786701,219374490,"Evelyn",164
21830869,192798496,"Ovidiu Isai",354
21832686,214622857,"Felix Friedmann",1166
21922913,117038902,"Mary",182
21933232,145227052,"Christoph Hering",291
21975947,216940715,"Guido Bruch",24
21976324,216940715,"Guido Bruch",117
21986050,220263877,"Jan Wiegelmann",774
21986310,220268260,"Toni Zettl",131
21990488,13469413,"Michael Reuter",204
21999211,216493005,"Melanie HASENBEIN",332
22000580,13515678,"Christian Dähn",405
22078529,9448225,"Miguel Regedor",229
22127528,219374490,"Evelyn",147
22213367,221289778,"Tobias Himmerich",342
22215290,221301834,"Alexander Meissner",119
22255504,131810982,"Renato Castelo Branco",335
22287175,67756722,"Jakob",224
22294291,119947182,"Thomas Tränkler",122
22319312,221641125,"Digital Product School",684
22322525,187510341,"Natalia Karbasova",583
22353596,224874703,"Christian Lenk",108
22362194,66795872,"Nils Bernert",315
22362374,122488262,"Claus Peter Neff",111
22372812,73850152,"Patrick Roelke",161
22398561,222200539,"Daniel M.",130
22403454,73218312,"JBlank",206
22481619,10502917,"Dr. Uwe Stoll",170
22501118,222026865,"LUNAR EUROPE MUNICH",212
22589033,31395412,"Sergii Khomenko",932
22798776,215696471,"ServiceNow Developer Program",107
22873345,219374490,"Evelyn",74
22879648,219648879,"hub:raum",173
22892639,220609268,"Lea",110
22946683,197297032,"Janosch Maier",491
22962662,224198628,"R-Ladies Munich",142
23026346,195551009,"Oana Bouraoui",231
23035493,218420872,"Veronika",498
23037437,224613138,"René Ruppert",44
23070076,221767235,"Albert",1004
23072611,220263877,"Jan Wiegelmann",178
23102663,213179698,"AgTech FoodTech Summit",41
23120315,224872392,"Johann Romefort",1521
23173489,222461849,"Deniz Demirsoy",65
23206360,225273773,"Barbara Py",362
23268159,217491148,"David Koenig",33
23279771,225663121,"Marlene Graßl",25
23283575,114153672,"Georg Sehl",31
23309011,150251692,"Lutz Wiechert",1
23327756,14437252,"Paul Spratley",486
23349704,225385650,"David »quchen« Luposchainsky",116
23350946,112128482,"Orange Networks",37
23362503,146903392,"Philipp Rappold",123
23442192,181723282,"Richard Diks",162
23514553,184722632,"Ekkard Schnedermann",305
23538361,219779145,"Anna",198
23686747,203817475,"Wayra Deutschland GmbH",532
23735688,183394913,"Milos Radovanovic",50
23791477,225524340,"Matthias Hild",94
23805825,127579052,"Alex Lenk",242
23819048,227756412,"Andreas Haug",750
23850298,61555172,"Dimitra",195
23919938,123537522,"Nico",269
23968689,216940715,"Guido Bruch",80
23979333,188436787,"Stephen Lizcano",1108
23982772,190950863,"commercetools",201
24014880,202981473,"Sammy the Shark",212
24147730,221641125,"Digital Product School",505
24170277,186759355,"Jan",71
24208436,85375712,"Christine Koppelt",413
24315062,13515678,"Christian Dähn",256
24332400,11029809,"Wolfram Kriesing",89
24368834,220268260,"Toni Zettl",119
24371532,223643986,"Morgan Dias Simao",89
24420887,88698162,"Michael Jaser",130
24422831,19289761,"Ben Bachhuber",160
24474394,118538582,"Software & Support Media Group",224
24531811,221171040,"Audrey Braconi Gerardin",348
24581401,224183110,"StartupTalents (UnternehmerTUM)",460
24581509,220118303,"Jana Stevanovic",27
24585838,100222042,"Gregor Wolf",29
24599822,230004601,"mediawave internet solutions",36
24703175,230579768,"Microsoft IoT & AI Lab",1625
24925483,189011235,"Dietmar Matzke",59
24968056,228098049,"Richard Lipski (richlip)",191
25045211,219252948,"Katja Caspari",78
25057861,232152409,"BalanLAB",431
25059808,223866424,"Dieter Capek",424
25072536,220263877,"Jan Wiegelmann",462
25113350,228102999,"Julia Christina Bauer",63
25186228,90934632,"Lutz Leichsenring",183
25205284,232842290,"Jan Wildeboer",35
25292798,181723282,"Richard Diks",160
25401463,229057425,"Shankar R",36
25446085,200645317,"Ernst Südmeyer",3
25504080,225659450,"Florian Gehring",23
25511537,91221122,"Simon Dittlmann",280
25512358,189553523,"Dominik Böhler",366
25526459,70017132,"Danny Linden",147
25541121,228698989,"Alexander Heidl",157
25565012,18061131,"Daniel Bartl",60
25602822,30807842,"Martin Mayer",128
25615748,195660171,"Rohit Tattu",44
25674230,232790143,"Peter Tschötschel",50
25691405,91360182,"Ram Morla",144
25694187,235151828,"Eduards Sizovs",85
25713897,198599401,"Ansgar Knipschild",111
25724354,235397670,"Larisa Leonteva",151
25783019,235709420,"FREI LEBEN",240
25846870,235287664,"NEM.io Foundation",116
25934088,142169072,"Hans-Peter Huber",63
25956068,201678091,"Thomas Poett (MVP)",146
25956792,201678091,"Thomas Poett (MVP)",193
25990563,232221651,"Elaine B.",498
25996037,233359557,"Sophia Ha Ho",394
26003576,237084200,"Theresa Wieser",95
26014298,237159510,"GitHub Germany",544
26047411,204429631,"Carina",53
26058789,45261852,"Roland Kofler",221
26069052,194101722,"Romain Doutriaux",303
26089214,197668380,"Gert",17
26092440,237708483,"Matthias Wolf-Dietrich",211
26111997,201322065,"André",401
26149339,222207301,"Johanna Pröhl",123
26196151,62672712,"Chadtech",116
26216189,237528782,"Josefine Zimmermann",42
26216340,236991419,"Cognizant Technology Solutions",181
26241233,185548808,"Thomas Jäger",112
26281892,212324174,"Johann Romefort",511
26286096,217082443,"Ian Gomez",610
26294946,40987722,"Alistair Morris",709
26393832,204393681,"johann romefort",249
26407541,239862737,"ranjit maddipatla",37
26419793,233726199,"Leonard Dorlöchter",406
26439251,238781311,"Andre Steiner",73
26479126,210722433,"Marc Wißler (SheepFromHeaven)",169
26512656,143038102,"Miloš Sutanovac",155
26515027,8524174,"Adrian Avendano",5
26532909,196958565,"John Munoz",42
26533892,221574608,"Sandra Rang",39
26535293,110456652,"Ken Lomax",336
26545024,240835390,"Selectancy",182
26552001,92331112,"Charlie Shafton",94
26584613,221767235,"Albert",46
26595449,146993292,"Lui Joy",138
26604821,200839992,"Thomas Deniffel",108
26608324,217389860,"Bree Harrison",346
26613452,209437456,"OWASP Foundation",121
26662320,NA,NA,4
26672016,137694702,"Roland",77
26686376,230799589,"RecdoTech",172
26695680,95335792,"Julian Sametinger",190
26697023,63297412,"Danial Taherzadeh",120
26734865,245245953,"Jennifer Long",71
26742756,186994479,"Andre Sept",15
26749275,12479218,"Axel Rauschmayer",97
26754578,211539074,"Markus Sichler",55
26842638,213255104,"Daniel Wingen",135
27038788,221641125,"Digital Product School",187
27098400,245638138,"Florian Kandler",324
27098829,244214084,"Barbara Orthbandt",7
27132633,155820582,"Adrian Knoll",10
27158911,138300142,"Thomas Gläser",63
27173798,231073202,"Melina Mathieu",33
27239788,130993212,"Max van Riel",44
27302751,232261316,"Kun Lu",56
27306741,68601682,"Vinzent Ellissen",50
27313361,245256069,"Sylvia H.",83
27323470,222398070,"Lisa König",60
27327612,142239882,"Mario Fahlandt",62
27333112,241853839,"Marco Schulten",195
27334585,39468782,"Shirley Wong",97
27335411,245256069,"Sylvia H.",48
27355986,198604398,"Hardware Pioneers",36
27395742,211986074,"Sebastian Böttger",54
27396573,72126142,"Steffi Kieffer",88
27410547,246152101,"Navid",114
27486139,248067253,"Stephan Gotschlich",43
27488754,245257994,"Social Sweethearts",82
27501767,248134611,"ReDI School Munich",114
27539195,247885888,"LGBT Foundation",15
27566514,245294334,"Feliz Gubitz",9
27571738,189553523,"Dominik Böhler",62
27610409,146559602,"Manuel",12
27620158,186037973,"Albert Montolio",50
27653092,200150147,"Philipp von Hammerstein",60
27664499,239013146,"Carla Martin",39
27679705,249223208,"Dr. Felix Hoetzinger",104
27709250,13264378,"Joachim Hummel",101
27731124,239549366,"Michaela Seika",25
27731423,236374412,"Eckhard",110
27733100,248134611,"ReDI School Munich",86
27739278,28210262,"Ahmed Bouzid",13
27743148,212808698,"Christopher Hebert",50
27782875,216110633,"Tino Müller",98
27806088,250067089,"Sebastian Keller",1
1720427,13124133,"Thomas Wagner",267
1731260,5628955,"Martin Kleppe",1671
2146961,19691011,"Mathias Maul",374
2430772,118824002,"Andreas Rütten",909
2794842,13387565,"Oliver Ochs",790
3132722,20581521,"Jason Kneen",127
3262432,28894082,"Freerich Bäthge",322
3328722,13373526,"Martin Schuhfuß",931
3723122,13387565,"Oliver Ochs",807
3814032,37970592,"Martin Stoll",988
4770192,20396381,"Steven Collins",1389
4798602,61303982,"Matt Probert",1108
5288392,58436282,"Hinrich Sager",705
5315592,47839632,"MongoDB",293
5471182,37201532,"Henning Sprang",714
6276262,13387565,"Oliver Ochs",687
7022212,83291112,"Arne Brodowski",256
7832642,81177112,"John von Oertzen",34
7912752,97234952,"OpenTechSchool",1568
8089312,88729422,"Matthias Lau",498
8495892,112873132,"Guus van Weelden",572
8623012,65351422,"Martin Grotzke",464
8678992,81177112,"John von Oertzen",97
8711732,95738542,"Denny Schäfer",289
8781642,70954422,"Sven Reher",184
9878672,107434842,"12min.me e.V.",7227
10689872,81177112,"John von Oertzen",228
11169482,84337082,"Martin Eriksson",189
11362402,185353635,"Omri Erez",1347
11412272,72560962,"WordPress",663
11500362,858430,"Daniel Galán y Martins",2611
12117452,11314237,"Jonathan Greechan",2479
12123402,202992510,"Meteor Community Meetups",232
12567242,99513152,"Marco Pöhler",1303
12833852,38681902,"Michael Schneider",1170
13582282,114766932,"Moby Dock",1039
13732492,13426431,"Kjell Otto",646
15029352,13314773,"verena weichert",107
15303822,112550162,"Jan Ahrens",406
15329632,38758812,"Gregor Elke",808
15481682,93383882,"John Behrens",636
15555532,183395456,"Christoph Steinhard",894
15642252,134111962,"Tobias",662
15898082,222325947,"Tobias",993
16221512,142345462,"Simon Zambrovski",1218
16670392,157013372,"Sergej Mudruk",288
17102372,63733212,"Christian Mondorf",554
17310662,29712182,"Hacks/Hackers",295
17437802,69554962,"Stefan Zörner",1603
17443192,124310512,"Moritz Drexl",207
17503942,146443722,"Dan Gray",1846
17505362,65351422,"Martin Grotzke",173
17571522,96212482,"Peter Wiens",117
17788542,97974012,"Martin Broerse",225
17833312,130674432,"Joachim Kröger",256
17959842,218535123,"Tobias Gilde",70
18061392,184511992,"René Lindhorst",398
18068942,180493312,"Ansi-bull",225
18193859,182576410,"Dirk Wetter",330
18223650,179290292,"Carolin Hagemann",92
18223813,182682313,"Daniel Meßner",199
18240935,93750532,"Stefan Reich",618
18244441,38758812,"Gregor Elke",881
18307837,143273522,"Puppet",72
18312826,182695932,"Code for Germany",1289
18322062,77707572,"Uwe Sauerbrei",385
18391866,95402442,"DataStax",77
18392003,97567782,"Daniel Connerth",51
18403616,200481869,"Dennis Proppe",86
18425184,88729422,"Matthias Lau",417
18428916,170679532,"Fitbit Dev Team",75
18432461,182924748,"Thomas Schnoege",1056
18459987,184483888,"martin",3089
18479211,133943492,"Matthias Klatt",991
18488667,61787092,"Wilhelm Behncke",189
18545752,93750532,"Stefan Reich",50
18565427,183422575,"Antoine Minoux",879
18578767,187163033,"Stephan Raimer",1014
18588818,184082289,"Andreas Bergmeier",452
18595633,218854189,"Mesosphere",328
18597623,187618186,"Malte Lücken",161
18602079,187394943,"Klaus W. Brandt",75
18609429,11409642,"Dave Brotherstone",991
18643182,151370622,"Schimkat",103
18643205,149961442,"Simon Ihmig",96
18667719,199785244,"Identity Tech Talks",88
18681702,27574982,"Sergej",21
18706541,207525576,"Christoph Ortmann",472
18742098,9059678,"Thomas Pluempe",274
18895030,191432370,"Oliver R.",156
18901463,65351422,"Martin Grotzke",507
18907603,196551067,"Philipp Eckel",214
18923723,187719168,"Marcus W.",53
19047926,186527705,"Mike Olech",955
19054554,149723142,"Sebastian",669
19065549,118819482,"Felix Gessert",99
19070534,65945062,"Philipp Kewisch",99
19077877,13408137,"Stefan Richter",103
19092783,195134108,"Slawa Deisling",378
19114779,67463452,"Nils Meder",398
19136404,78657582,"Pascal Wittmann",42
19171909,159366662,"Maik Nogens",144
19179690,204135137,"Salesforce Developers",67
19189830,196338775,"InnoGames Meetups",524
19203163,143196062,"Matthias Friedrich",381
19256881,13510774,"Sebastian Korfmann",358
19281976,197665795,"Anja Schumann",1919
19307713,132362802,"Florian Elbers",989
19365663,198323884,"Emre Hasegeli",92
19495546,44448792,"Ole Michaelis",307
19499449,17760761,"Jan Oberhagemann",116
19510608,84620942,"Kim Hogeling",205
19548700,120093212,"Verena Traub",631
19554354,121660322,"Adalie Hemme",255
19586931,11924539,"Jens Bollmann",69
19589072,199970769,"Regine Voigt",83
19610453,200246228,"Marius Schmeding",139
19638141,92575832,"Jan Galinski",96
19646940,200707771,"Werner Nieberle",126
19652666,187618186,"Malte Lücken",433
19712961,182694462,"Daniel",956
19746692,183923360,"Sara Lisa Vogl",116
19761370,21760781,"virgilio lino",473
19806903,184544513,"Zalando Tech Events",507
19812996,202920507,"Computer Club Elmshorn",96
19826316,206498172,"Pierre Beitz",121
19853170,203753011,"Mark Coleman The Second",198
19853597,201898987,"Jakob Kobabe",276
19891440,185411794,"Maxwell Arbuckle",143
19899464,73432952,"Dennis Ruske",202
19938059,49808562,"Tobias Ranft",344
19962857,205316811,"Michael Palotas ",52
19963890,186262468,"Robert",811
20044028,195524735,"Karl",120
20076108,206314606,"Julian Hansert",98
20088075,192213761,"Sabine",177
20143543,214382053,"inovex2",271
20143819,203722527,"Lasse Schuirmann",198
20164510,121234612,"Nicole Bantique",17
20196766,198599401,"Ansgar Knipschild",79
20292423,210608367,"YOOtheme",40
20331675,70168742,"Hauke Windmüller",250
20331782,185353635,"Omri Erez",277
20365656,13767802,"Soenke Ruempler",606
20389793,212320065,"DOAG Regional (Michael Paege)",18
20427875,107696772,"Sascha Lorenz",298
20428400,13006904,"Tobias Worzyk",688
20442771,73432952,"Dennis Ruske",75
20462178,160335712,"Piotr Zwolinski",179
20485062,148041902,"Sven Freiberg",161
20594732,15896001,"Alexander Greim",128
20784186,213250909,"Björn Peters",618
20837705,210608367,"YOOtheme",50
20881952,215049801,"Lars Schreiber",141
20897393,182694462,"Daniel",94
20926985,214254715,"Martin Wagner",91
20939920,130953652,"Jan-Philip Berendes",313
21019540,43929842,"Antares Reisky",95
21398609,104496772,"Florian",49
21699706,218791431,"Collaboration Community",68
21712589,218879593,"Rob",108
21766282,NA,NA,153
21893730,3380309,"Derek Harp",35
21965621,189905518,"Christian Kaschuba",214
21978080,220282927,"Volker Mielke",504
22046033,200819969,"+ sitegeist",24
22057473,200819969,"+ sitegeist",236
22057749,200819969,"+ sitegeist",243
22059876,205449607,"Inge Fiehn",476
22192983,196296186,"Kx Community",14
22202785,73432952,"Dennis Ruske",193
22501562,219853471,"Sven Crone",43
22585294,221087977,"Tim Said",95
22790785,14020392,"Meno Abels",165
22821444,223404355,"Martina Bieringer",34
22944929,194383222,"Write the Docs",94
22960005,196338775,"InnoGames Meetups",140
23069641,224789822,"Oliver Damm",16
23139063,222449806,"Maximilian von Münch",173
23260154,192194523,"Ulf SD",176
23339586,81111772,"Sebastian Germesin",380
23437307,225580382,"Jan Mentz",253
23567913,212320065,"DOAG Regional (Michael Paege)",31
23598856,156457092,"Moamedus",135
23599875,13387041,"Björn Jensen",286
23705586,191429496,"Jana Reichel",213
23762827,196764641,"Andreas Lange",49
23835182,223387654,"Startup Grind Portland ME",698
23974271,210601288,"Charles Yin",55
24009558,38758812,"Gregor Elke",40
24180065,184400620,"Rolf Schulte Strathaus",80
24455010,184082289,"Andreas Bergmeier",12
24571564,212084466,"Shakib W.",113
24611501,88186282,"Teresa Holfeld",511
24666680,227966076,"Nicola Kaiser",58
24685422,209465111,"Lovis",262
24809957,134560782,"Tim Pietrusky",168
24810116,221580441,"Dennis W.",50
24814576,95265762,"Ralf Eggert",124
24840537,230780811,"Gregor Goldbach",43
24856488,216002668,"Sandra Reinartz",450
24876065,64380782,"Philipp Pahl",261
24965515,223954838,"Michael Gross",13
24978496,151370622,"Schimkat",40
25004318,182903678,"Philipp S.",326
25053002,232188758,"Holger",21
25187032,90934632,"Lutz Leichsenring",95
25188977,96199862,"Henry",19
25247811,210608367,"YOOtheme",205
25434340,233720790,"Georg Haupt",24
25454427,221715600,"Alice Richardson",121
25598131,231026412,"Mario Muja",13
25784008,213932844,"Carsten Bullemer",162
25815463,205707440,"Jan-Henrik Damaschke",26
25920032,222397163,"Philip Czupras",137
25932906,227178659,"Jan Szczepanski",37
25971608,186473647,"ilithya",139
26006215,218993455,"Martin G",134
26056197,214911037,"Dennis Hering",309
26198053,238426402,"Sascha Albertsen",120
26218630,181618272,"Marcel Pauly",81
26239808,221301399,"Cegeka",93
26261616,196303565,"Kiriakos",83
26281013,238999712,"German Semin",21
26283696,188772628,"Christina Otte",144
26284010,140976372,"Susanne",45
26324139,196338775,"InnoGames Meetups",18
26346015,73171722,"Zoey (Yuen)",50
26372007,13383775,"Holger Blank",159
26439827,221914010,"Sebastian Tiggemann",133
26457806,190558724,"molecular",269
26468891,141207622,"Norman Schöneich",123
26535631,183031494,"Simon Graff",125
26584240,222385011,"Rene Wetzel",12
26590346,241159443,"Rico Meinl",537
26606597,232976677,"Tim Bansemer",165
26618051,225152001,"Timo Oswald",64
26747300,222397163,"Philip Czupras",124
26842694,106450522,"Jens K.",8
26876624,198599401,"Ansgar Knipschild",113
26910278,183521352,"Sonja Mewes",87
26995048,245691720,"Jens Idealo Business Development",131
27019270,13510774,"Sebastian Korfmann",26
27110338,222449806,"Maximilian von Münch",89
27111471,215445208,"Joshua Louis",110
27122034,243345826,"Ufuk Avcu",20
27174582,168398372,"WooCommerce",46
27185087,235080691,"Oskar",100
27262187,244341965,"Martin Okunnuga",19
27266271,238106381,"Roda",61
27327446,200724260,"Michael Schweikart",32
27385533,213802218,"Florian Gansemer",72
27398151,247654347,"Martyna Majewska",47
27469789,237708483,"Matthias Wolf-Dietrich",61
27525177,126941802,"Alexander Steinhart",97
27611267,123575422,"Unternehmertreffen Hamburg",21
27627851,241855518,"Leankoala",68
27741334,14647783,"Jan C. Rode",68
27797546,249711992,"Stefanie Könnecke",39
382528,1044561,"Troels Knak-Nielsen",686
1420206,9151961,"Fredric Berling",263
1821278,148600732,"Startup Pitch Night",300
2123071,136017342,"Neo4j",212
2484122,26002342,"Joel Larsson",1227
2850652,16534901,"Navid Samandari",444
3120892,136017342,"Neo4j",125
3642262,14069000,"Naim Cesur",206
3824742,31616672,"Jakob Eg Larsen",372
4144512,17179331,"Emil Kjer",462
5769582,53272592,"Bosse Andersson",154
6648422,76167812,"Morten Elvang",2053
6733162,72560962,"WordPress",1264
7440312,95402442,"DataStax",142
7579372,202992510,"Meteor Community Meetups",308
7899752,82638172,"Travis Spencer",47
8320052,29712182,"Hacks/Hackers",863
8469862,47508932,"Richard Myers",139
8491602,47839632,"MongoDB",214
8498412,19439441,"Alexander Færøy",308
8959582,61255052,"Thomas Watson",736
9101252,104674872,"Nicolaj Fønss",337
9668612,120101042,"Bjarne Jensen",331
10092532,20916541,"Kenneth Rose",1025
10193032,110625962,"Ramón Soto Mathiesen",883
10645042,79760282,"Henrik Brink",2465
10688662,71286492,"Martin Nørskov Jensen",469
10716062,107543482,"Ole Gammelgaard Poulsen",805
11276652,118619492,"Frej Soya",186
11623492,125567322,"Sten Vesterli",37
11895212,37960902,"Jonathan de Jong",343
11964712,117715662,"Morten Christensen",1211
12664062,83110712,"Lars Martin Haukohl",625
12681602,135188772,"Morten Hougaard",428
12710132,104351762,"Lars Kruse",533
12977902,18788281,"Tine Grarup",3274
13101272,135249512,"Morten Teisner",53
13338242,41087902,"Martin Jul",233
13339062,18162211,"Søren Mathiasen",286
13469202,146458192,"Chono Hegelund",146
13654802,71286492,"Martin Nørskov Jensen",2671
13728842,136017342,"Neo4j",585
13746012,140718692,"Upbis",73
13993912,140718692,"Upbis",61
14169382,71609542,"Mads Troels Hansen",615
14258672,186910125,"Elastic DevRel Team",420
14563222,64742032,"Visti Kløft",173
15117472,141839632,"Allan Rennebo Jepsen",382
15308642,153297782,"Monique Westerhout",170
15572242,120490782,"Adam Henriques",190
16175602,136170962,"Jörgen Buder",110
16187002,114766932,"Moby Dock",1340
16192682,137722452,"JJ",245
16504282,13601221,"Martin Carlsson",425
16615762,24976482,"Vladimir Smida",1560
16635912,163931872,"Richard Houltz",261
16637442,95361812,"Jan Krag",479
16869512,19439441,"Alexander Færøy",186
17382472,25494032,"Richard Esplin",40
17762672,178928832,"Martin Pronk",535
17830522,221026019,"Magnus Glantz",256
18197865,6099344,"Camilla Krag Jensen",64
18211483,193727111,"EntAnon",666
18227189,182687196,"Thomas Martinsen",353
18227298,91754012,"Theis Madsen",806
18231562,68850142,"Rasmus Makwarth",101
18244421,67096302,"Martin Sandholt",1317
18319141,36664232,"Martin Clausen",436
18369721,202992510,"Meteor Community Meetups",216
18380235,184990398,"Laura Kivimägi",854
18391907,152280102,"Heidi Lindegaard",142
18392967,104351762,"Lars Kruse",718
18413131,182540881,"Couchbase",79
18438354,12169802,"Joshua Karjala-Svendsen",433
18459022,204135137,"Salesforce Developers",35
18504798,114766932,"Moby Dock",215
18508212,182609925,"Jens Højgaard",78
18511346,196296186,"Kx Community",88
18512385,185400736,"Zmags Copenhagen",305
18523455,185549036,"Henrik Strömberg",24
18524571,188509280,"Andreas Larsen",1463
18541396,14499838,"Michael Flarup",397
18542988,182687196,"Thomas Martinsen",382
18545171,135249182,"Christian Faaberg Lensbjerg",322
18557394,25952732,"Erik Starck",107
18571726,98410332,"Martin Gausby",243
18604299,186692716,"Ansi-bull",90
18614887,11291598,"Ricardo Parro",232
18663549,146458192,"Chono Hegelund",373
18693485,136725622,"Jacob Stenum Czepluch",760
18812575,146458192,"Chono Hegelund",79
18827317,160516952,"Morten Sjøgren",152
18884803,120490782,"Adam Henriques",75
18899825,192279513,"Ditte Wolff-Jacobsen",180
18964444,25220742,"Mads Flensted-Urech",345
18978471,14037257,"Niels Liisberg",254
19004761,70330662,"Sherry Azimi",938
19005134,249142444,"David Dias",68
19051124,227062230,"Vidar G. Skrindo",43
19065856,183048005,"Sam Chatterjee",652
19074393,194849021,"Ronni Pedersen",445
19089383,110682252,"Marc Emil Domar",227
19108850,48812992,"Andreas Cleve Lohmann",846
19111514,14037257,"Niels Liisberg",23
19147728,87530112,"Cem Turan",617
19191400,196588358,"Kirstin Lyon",237
19238409,195238224,"Søren Nielsen",256
19274506,152280102,"Heidi Lindegaard",171
19333899,11314237,"Jonathan Greechan",1689
19337985,198091329,"Nicolas",843
19372806,130781232,"Julian Hansert",141
19577901,208656239,"Anders Dissing",124
19590435,135325322,"PyData/NumFOCUS",500
19620490,185411794,"Maxwell Arbuckle",101
19622979,200397592,"Ignacio Huerta",436
19674705,195100621,"Jakob Gottlieb Svendsen",452
19720981,201667421,"Martin Eriksson",322
19738456,115990992,"Ivar Grimstad",304
19773469,182019432,"Martin B. Nielsen",86
19800158,49318762,"Peter S Sørensen",34
19815542,200819926,"Livatek A/S",51
19841835,54453072,"Jonathan",47
19903970,203634291,"Philip",206
19914310,13930394,"Jonas Åradsson",603
19943799,188509280,"Andreas Larsen",49
19947586,205765710,"Anja",94
19963476,11639178,"Jacob Knapp Lönroth",134
19983534,201177272,"Jonas Brunsgaard",402
20049107,205358417,"Tobias Nyholm Maneschijn",48
20064288,202126567,"M",209
20072229,177686302,"Nikolaj Nielsen",175
20111675,11040795,"Elis Popescu",125
20114236,53760282,"Tommy Petersen",302
20129970,121234612,"Nicole Bantique",15
20134565,200706070,"Malene Olsen",212
20135480,194090402,"Dani",888
20149538,208431635,"Rasmus Gregers Sørensen",188
20162639,208656239,"Anders Dissing",311
20266692,202078472,"Patrick Kofod Mogensen",107
20292350,210472436,"Michael Christiansen",508
20324158,211138869,"DroidDevs",235
20324461,49313972,"Elvis Adomnica",1439
20361877,49045042,"Anoop",119
20405673,195692935,"Anette Nørgaard",552
20406367,210365903,"Nick Hawtin",573
20458380,214456758,"Morten Fredsø",174
20470527,213668741,"Mr. X",73
20489154,202366559,"Oskar",42
20506403,7040671,"Andrew Wilson",33
20614168,19936441,"Finn Årup Nielsen",125
20615005,214413073,"Open Source Days",325
20628056,12283570,"Christer Østergaard",19
20695320,214792578,"Helena Levison",670
20818818,12833991,"Tore Nestenius",50
20964135,33114722,"Zubair Quraishi",168
20995079,215964478,"Joachim Bingel",658
21082556,3380309,"Derek Harp",18
21111332,216363791,"HashiCorp Events",61
21116771,203634291,"Philip",30
21142203,225967489,"Kunal Chauhan",53
21271053,217211060,"Maya ",722
21318970,199356135,"Roland",42
21572704,4788073,"Ministry Of Testing",259
21596714,189677963,"Diana Selck",412
21628138,203803682,"Karen Har-yan",65
21645520,202126567,"M",71
21756484,213394951,"Jonas K.",106
21829976,95361812,"Jan Krag",81
22175656,161043092,"Kent Agerlund",86
22202541,182687196,"Thomas Martinsen",219
22255836,206405315,"Michael Auchenberg",462
22285076,7499824,"Samuel Asher Rivello",352
22322122,93599762,"Nancy Berlin",634
22366506,221961077,"ENFO SWEDEN AB",44
22431501,181443382,"Dennis Kayser",240
22472265,39895092,"Vanja Cosic",96
22486269,221715600,"Alice Richardson",53
22596703,222633982,"Erasmus Holm",51
22617633,183048005,"Sam Chatterjee",299
22683703,222891707,"Codeo Danmark ApS",17
22725480,236516389,"CrateDB",53
22738429,199898974,"Katja",420
22781090,14249476,"Claus Lehmann Munch",101
22790219,172027312,"Jakob Verner Christensen",101
22835237,192384538,"Johan Åhlén",184
22904114,213739840,"Pedro Barretto",62
22904169,127265802,"Pär Sikö",366
22905736,72892352,"Kasper Molin",48
22957491,12169802,"Joshua Karjala-Svendsen",388
22958964,139441552,"Mogens Nørgaard",24
22971104,221636614,"Giuseppe Gaviani",23
22980287,203705033,"Erik Svensen",275
23036064,139441552,"Mogens Nørgaard",212
23037727,224556653,"Finn Gilling",339
23046895,224574765,"Jan-Willem",167
23121909,51854382,"Attila Sukosd",49
23177990,225007990,"Jimi Hove",99
23242413,159568332,"Hanno Böck",141
23261211,218713656,"GlobalTech.City",29
23442162,226440139,"Jarkko Moilanen",71
23701658,227306498,"Symbion",98
23780869,227616001,"Kostner",77
23809039,86464282,"Hamed Yahyaei",82
23844486,217738515,"Jasmine Crozier",258
23908792,187234501,"Alexander Munck Af Rosenschöld",78
24457716,224574765,"Jan-Willem",31
24555162,925778,"Jørn Weirsøe",6
24598729,9341312,"Tatiana Solodko",81
24810839,227306498,"Symbion",69
24840802,228698989,"Alexander Heidl",326
24937145,161527792,"Nastasia Tørper",182
24988998,180109022,"Zhipeng Huang",49
25046635,200706070,"Malene Olsen",92
25047458,226732393,"Alexis Susset",515
25185520,232779135,"Chase",83
25321042,190869896,"Erwin M. Schmidt",111
25390699,92514842,"Melina",379
25394366,11040795,"Elis Popescu",87
25408293,99036502,"giovanni",105
25525860,234161030,"Rolf Clausen",399
25573141,185975964,"Ulas",50
25691663,235144221,"Anja Dorner",200
25722598,233571843,"Allan Højgaard Jensen",276
25741345,184026788,"Radostina",510
25742716,203133609,"Reza Mirza",326
25762550,74677752,"Andreas Møller",75
25766169,235615615,"WonderCoders",50
25814162,235864318,"Johan Dahlbom",99
25835495,235810292,"Kim Gregers",208
25894262,10976964,"Robert Lindh",49
25895906,27350232,"PrestaShop",32
25919976,228015110,"Cesar Pinto",28
25968393,236813448,"Rainmaking Hackathons",236
26066971,184977419,"Adrian",150
26124595,182687196,"Thomas Martinsen",104
26160417,132892652,"Aleksandar Grbic",234
26284130,211575501,"Omar Benbouazza",38
26292192,235775105,"Kenneth Skov",122
26329667,221051412,"Tague Griffith",25
26359120,67091682,"Kevin Simper",128
26369297,239622374,"Christopher Fabritius",43
26411839,240774612,"Hashgraph",76
26459011,223635681,"Henrik Schultz",19
26509748,213174949,"Peter Ryhl Algren",425
26543072,240816590,"DSTB",69
26583650,NA,NA,23
26615016,205904264,"Michael Fray",21
26615206,175248702,"Nynne",113
26618311,194655639,"Rasmus Grusgaard",40
26618435,206776664,"Jakob Øjvind Nielsen",85
26653718,241789685,"R-Ladies",136
26784655,183048005,"Sam Chatterjee",3
26789661,213174949,"Peter Ryhl Algren",46
26790916,235144221,"Anja Dorner",66
26809664,203803682,"Karen Har-yan",139
26817668,217738515,"Jasmine Crozier",23
26825588,17707041,"Casper Klenz-Kitenge",148
26860785,203803682,"Karen Har-yan",24
26861171,203133609,"Reza Mirza",36
26961265,135680872,"Simon Nord",20
26999088,119413812,"Anders Kargaard",95
27058408,12598540,"Joanna Vaiou",9
27060581,208556900,"Hyperledger",36
27067490,201253171,"Povilas Andriukaitis",50
27125338,123895422,"Rasmus K. Mortensen",19
27161785,213174949,"Peter Ryhl Algren",159
27174839,238155744,"Carmen",42
27214575,246401059,"Rybtke Bitcoin Educators",5
27270686,30345742,"Endre Galaczi",24
27275482,86464282,"Hamed Yahyaei",11
27333655,245563668,"Anna Forrest",23
27370262,221978438,"Jakub Gregorek",137
27400926,115520972,"Laszlo Fogas",11
27529769,239709649,"Desiree Falter",30
27562938,248339290,"Startup Weekend Oresund",35
27736352,249606402,"Ólafur Waage",33
27774527,194957052,"Rockie Yang",22
27794352,67732972,"Jason Silberman",39
